source_brand,brand_en,source_model,ads_2026_10_01,active_2026_10_01,model,note
آئودی,audi,A3 اسپرت بک,3,1,A3 اسپرت بک,
آئودی,audi,A3L,51,10,A3L,
آئودی,audi,A4,3,0,A4,
آئودی,audi,A5,2,2,A5,
آئودی,audi,A6,1,1,A6,
آئودی,audi,Q3,4,1,Q3,
آئودی,audi,Q4 e-tron,241,39,Q4 e-tron,
آئودی,audi,Q5,22,4,Q5,
آئودی,audi,Q5 e-tron,518,94,Q5 e-tron,
آئودی,audi,TT کوپه,2,1,TT کوپه,
آرتابان (ای ام جی),amg,آرتان,1,0,آرتان,
آرتابان (ای ام جی),amg,توکا,63,20,توکا,
آریا,arya,اتوماتیک,5,1,اتوماتیک,
آریا کلاسیک,aria,گوناگون,1,0,گوناگون,
آریسان,arisun,2,212,28,2,
آریسان,arisun,بنزینی,1,0,بنزینی,
آریسان,arisun,دوگانه سوز,77,12,دوگانه سوز,
آلفارومئو,alfaromeo,4C کوپه,2,1,4C کوپه,
آلفارومئو,alfaromeo,جولیتا,61,15,جولیتا,
آلفارومئو,alfaromeo,میتو,3,2,میتو,
آمیکو,amico,دو کابین آسنا,34,10,دو کابین آسنا,
آی ام موتورز,immotors,LS7,22,12,LS7,
اس دبلیو ام,swm,G01,33,10,G01,
اس دبلیو ام,swm,G01F,11,5,G01F,
اسمارت,smart,رودستر,1,0,رودستر,
اسمارت,smart,فور 4,1,1,فور 4,
اسکای ول,skywell,ET5,9,0,ET5,
اسکای ول,skywell,نبکا هیبرید (HTi),1,0,نبکا هیبرید (HTi),
اشکودا,skoda,اوکتاویا پرو,14,1,اوکتاویا پرو,
اشکودا,skoda,سوپرب,30,8,سوپرب,
اشکودا,skoda,کاروک,50,12,کاروک,
اطلس,atlas,اتوماتیک,14,0,اتوماتیک,
اطلس,atlas,دنده ای,356,76,دنده ای,
ام جی,mg,3,34,11,3,
ام جی,mg,350,22,11,350,
ام جی,mg,360,25,8,360,
ام جی,mg,4ev,17,3,4ev,
ام جی,mg,5,52,18,5,
ام جی,mg,550,58,18,550,
ام جی,mg,6,86,25,6,
ام جی,mg,GS,37,15,GS,
ام جی,mg,GT,116,37,GT,
ام جی,mg,RX5,4,1,RX5,
ام جی,mg,ZS,1,0,ZS,
ام جی,mg,ZS هیبرید,2,1,ZS هیبرید,
ام جی,mg,گوناگون,2,0,گوناگون,
ام وی ام,mvm,110,549,216,110,
ام وی ام,mvm,110S,108,40,110S,
ام وی ام,mvm,315 صندوق دار,94,57,315 صندوق دار,
ام وی ام,mvm,315هاچ بک,559,250,315هاچ بک,
ام وی ام,mvm,530,258,130,530,
ام وی ام,mvm,550,161,80,550,
ام وی ام,mvm,M5 پرو,20,3,M5 پرو,
ام وی ام,mvm,X22,454,138,X22,
ام وی ام,mvm,X22 PRO,476,116,X22 PRO,
ام وی ام,mvm,X33,291,137,X33,
ام وی ام,mvm,X33 S,257,89,X33 S,
ام وی ام,mvm,X33 کراس,556,124,X33 کراس,
ام وی ام,mvm,X55,36,7,X55,
ام وی ام,mvm,X55 PRO,410,88,X55 PRO,
ام وی ام,mvm,X77,101,18,X77,
ام وی ام,mvm,آریزو 5ev,68,15,آریزو 5ev,
اوتار,avatr,07,44,3,07,
اوتار,avatr,11EV,29,9,11EV,
اوتار,avatr,12EREV,28,6,12EREV,
اوشان,oshan,E2 پرو,5,1,E2 پرو,
اوشان,oshan,UNI-Z,17,2,UNI-Z,
اونترا,aventra,U75 Plus,44,13,U75 Plus,
اپل,opel,آسترا سدان,12,7,آسترا سدان,
اپل,opel,آسترا هاچ بک,2,2,آسترا هاچ بک,
اپل,opel,امگا,2,0,امگا,
اپل,opel,اینسیگنیا,2,1,اینسیگنیا,
اپل,opel,موکا,55,3,موکا,
اپل,opel,وکترا,1,1,وکترا,
اپل,opel,کورسا,43,8,کورسا,
اکستریم,xtrim,LX (SX),177,33,LX (SX),
اکستریم,xtrim,TXL (TX),123,16,TXL (TX),
اکستریم,xtrim,VX (QX),211,42,VX (QX),
ایرس,eres,HM5 EREV,70,3,HM5 EREV,
ایسوزو,isuzu,دی مکس,2,0,دی مکس,
اینرودز,inroads,C35,66,20,C35,
اینفینیت,infinite,اکسپلورر,26,9,اکسپلورر,
اینفینیتی,infiniti,FX,1,0,FX,
اینفینیتی,infiniti,QX70,1,1,QX70,
اینفینیتی,infiniti,QX80,1,0,QX80,
اینوی,envoy,هیبرید,26,3,هیبرید,
ایویکو,iveco,ون آراد (A36),1,0,ون آراد (A36),
ایکس پنگ,xpeng,G6 EV,18,6,G6 EV,
ایکس پنگ,xpeng,G9,21,7,G9,
ایکس پنگ,xpeng,مونا M03,23,10,مونا M03,
ب ام و,bmw,X1,115,22,X1,
ب ام و,bmw,X2,285,35,X2,
ب ام و,bmw,X3,411,89,X3,
ب ام و,bmw,X4,303,54,X4,
ب ام و,bmw,X5,15,5,X5,
ب ام و,bmw,X6,34,8,X6,
ب ام و,bmw,Z4,23,2,Z4,
ب ام و,bmw,i3,17,1,i3,
ب ام و,bmw,i5,45,5,i5,
ب ام و,bmw,iX1,342,34,iX1,
ب ام و,bmw,iX3,44,6,iX3,
ب ام و,bmw,سری 1 هاچ بک,27,4,سری 1 هاچ بک,
ب ام و,bmw,سری 1 کروک,4,4,سری 1 کروک,
ب ام و,bmw,سری 2 اکتیوتورر,14,2,سری 2 اکتیوتورر,
ب ام و,bmw,سری 2 کروک,8,1,سری 2 کروک,
ب ام و,bmw,سری 2 کوپه,12,0,سری 2 کوپه,
ب ام و,bmw,سری 2 گرن کوپه,524,77,سری 2 گرن کوپه,
ب ام و,bmw,سری 3 GT,4,1,سری 3 GT,
ب ام و,bmw,سری 3 سدان,218,51,سری 3 سدان,
ب ام و,bmw,سری 3 کروک,8,2,سری 3 کروک,
ب ام و,bmw,سری 3 کوپه,2,1,سری 3 کوپه,
ب ام و,bmw,سری 4 کروک,25,5,سری 4 کروک,
ب ام و,bmw,سری 4 کوپه,7,4,سری 4 کوپه,
ب ام و,bmw,سری 4 گرن کوپه,17,5,سری 4 گرن کوپه,
ب ام و,bmw,سری 5 GT,1,0,سری 5 GT,
ب ام و,bmw,سری 5 سدان,676,176,سری 5 سدان,
ب ام و,bmw,سری 6 کروک,12,3,سری 6 کروک,
ب ام و,bmw,سری 6 کوپه,7,3,سری 6 کوپه,
ب ام و,bmw,سری 6 گرن کوپه,7,3,سری 6 گرن کوپه,
ب ام و,bmw,سری 7,277,59,سری 7,
ب ام و,bmw,سری i,20,8,سری i,
ب ام و,bmw,کلاسیک,7,4,کلاسیک,
بایک,baic,BJ30,20,8,BJ30,
بایک,baic,BJ40L,17,7,BJ40L,
بایک,baic,X25,14,4,X25,
بایک,baic,سابرینا هاچ بک,7,1,سابرینا هاچ بک,
بایک,baic,سابرینا هاچ بک (مونتاژ),20,8,سابرینا هاچ بک (مونتاژ),
بایک,baic,سنوا,2,0,سنوا,
برلیانس,brilliance,H220,103,39,H220,
برلیانس,brilliance,H230,84,29,H230,
برلیانس,brilliance,H2L,1,0,H2L,
برلیانس,brilliance,H320,208,66,H320,
برلیانس,brilliance,H330,347,120,H330,
برلیانس,brilliance,V5,13,5,V5,
برلیانس,brilliance,کراس,59,17,کراس,
بسترن,besturn,B30,164,40,B30,
بسترن,besturn,B50,10,5,B50,
بسترن,besturn,B50F,74,23,B50F,
بستیون,bestune,T77,13,6,T77,
بستیون,bestune,نات,24,8,نات,
بنز,mercedesbenz,EQE SUV,114,13,EQE SUV,
بنز,mercedesbenz,EQE Sedan,41,12,EQE Sedan,
بنز,mercedesbenz,GL550,2,0,GL550,
بنز,mercedesbenz,ون,5,2,ون,
بنز,mercedesbenz,کلاس A سدان,236,42,کلاس A سدان,
بنز,mercedesbenz,کلاس A هاچ بک,1,0,کلاس A هاچ بک,
بنز,mercedesbenz,کلاس B,6,2,کلاس B,
بنز,mercedesbenz,کلاس C,655,144,کلاس C,
بنز,mercedesbenz,کلاس CL,2,1,کلاس CL,
بنز,mercedesbenz,کلاس CLA,19,5,کلاس CLA,
بنز,mercedesbenz,کلاس CLK کروک,5,1,کلاس CLK کروک,
بنز,mercedesbenz,کلاس CLK کوپه,1,1,کلاس CLK کوپه,
بنز,mercedesbenz,کلاس CLS,73,20,کلاس CLS,
بنز,mercedesbenz,کلاس E,499,116,کلاس E,
بنز,mercedesbenz,کلاس E (مونتاژ),4,0,کلاس E (مونتاژ),
بنز,mercedesbenz,کلاس E کروک,13,2,کلاس E کروک,
بنز,mercedesbenz,کلاس E کوپه,4,3,کلاس E کوپه,
بنز,mercedesbenz,کلاس EQA,13,4,کلاس EQA,
بنز,mercedesbenz,کلاس EQB,53,10,کلاس EQB,
بنز,mercedesbenz,کلاس G,6,5,کلاس G,
بنز,mercedesbenz,کلاس GL,1,0,کلاس GL,
بنز,mercedesbenz,کلاس GLA,16,4,کلاس GLA,
بنز,mercedesbenz,کلاس GLB,53,10,کلاس GLB,
بنز,mercedesbenz,کلاس GLC,4,2,کلاس GLC,
بنز,mercedesbenz,کلاس GLC کوپه,38,10,کلاس GLC کوپه,
بنز,mercedesbenz,کلاس GLE,9,1,کلاس GLE,
بنز,mercedesbenz,کلاس GLE کوپه,20,5,کلاس GLE کوپه,
بنز,mercedesbenz,کلاس GLK,15,3,کلاس GLK,
بنز,mercedesbenz,کلاس GLS,32,8,کلاس GLS,
بنز,mercedesbenz,کلاس ML,9,0,کلاس ML,
بنز,mercedesbenz,کلاس S,170,40,کلاس S,
بنز,mercedesbenz,کلاس SL,12,2,کلاس SL,
بنز,mercedesbenz,کلاس SLC,1,0,کلاس SLC,
بنز,mercedesbenz,کلاس SLK,1,1,کلاس SLK,
بنز,mercedesbenz,کلاسیک,11,3,کلاسیک,
بورگوارد,borgward,BX5,5,1,BX5,
بورگوارد,borgward,BX7,9,1,BX7,
بی ای دبلیو (BAW),baw,212,44,8,212,
بی ای سی,bac,X3 PRO,329,55,X3 PRO,
بی وای دی,byd,F3,6,1,F3,
بی وای دی,byd,S6,28,12,S6,
بی وای دی,byd,دلفین,3,1,دلفین,
بی وای دی,byd,دیسترویر 05 DMi,43,16,دیسترویر 05 DMi,
بی وای دی,byd,سانگ پلاس DMi,392,57,سانگ پلاس DMi,
بی وای دی,byd,سی لاین 06 DMi,230,26,سی لاین 06 DMi,
بی وای دی,byd,هان DMi,6,1,هان DMi,
بی وای دی,byd,چین ال DMi,100,19,چین ال DMi,
بی وای دی,byd,چین پلاس DMi,141,46,چین پلاس DMi,
بیجینگ,beijing,U5 پلاس,156,43,U5 پلاس,
بیجینگ,beijing,X55,15,2,X55,
بیجینگ,beijing,X7,57,16,X7,
بیسو,bisu,T3,6,1,T3,
بیوک,buick,B3,1,0,B3,
بیوک,buick,B3 (مونتاژ),1,1,B3 (مونتاژ),
تارا,tara,اتوماتیک V2,387,99,اتوماتیک V2,
تارا,tara,اتوماتیک V4,937,360,اتوماتیک V4,
تارا,tara,دنده ای V1,299,89,دنده ای V1,
تارا,tara,دنده ای V1 پلاس,783,226,دنده ای V1 پلاس,
تانک,tank,300,54,8,300,
تانک,tank,300 مونتاژی,164,20,300 مونتاژی,
تانک,tank,500HEV,99,20,500HEV,
تانک,tank,500HEV مونتاژی,53,2,500HEV مونتاژی,
تانک,tank,700,37,10,700,
تویوتا,toyota,86 GT,7,2,86 GT,
تویوتا,toyota,C-HR,46,7,C-HR,
تویوتا,toyota,C-HR هیبرید,77,16,C-HR هیبرید,
تویوتا,toyota,bZ3,22,1,bZ3,
تویوتا,toyota,bZ3X,48,12,bZ3X,
تویوتا,toyota,bZ5,13,9,bZ5,
تویوتا,toyota,bz4X,153,25,bz4X,
تویوتا,toyota,آئوریس,1,0,آئوریس,
تویوتا,toyota,آوالون,26,4,آوالون,
تویوتا,toyota,اریون,103,23,اریون,
تویوتا,toyota,اف جی کروز,61,19,اف جی کروز,
تویوتا,toyota,اکو,1,1,اکو,
تویوتا,toyota,توندرا,1,1,توندرا,
تویوتا,toyota,راوفور,919,166,راوفور,
تویوتا,toyota,راوفور هیبرید,202,60,راوفور هیبرید,
تویوتا,toyota,سولارا,1,1,سولارا,
تویوتا,toyota,سکویا,4,1,سکویا,
تویوتا,toyota,فرانت لندر هیبرید,320,53,فرانت لندر هیبرید,
تویوتا,toyota,فررانر,10,1,فررانر,
تویوتا,toyota,فرچونر,15,3,فرچونر,
تویوتا,toyota,لندکروز دو در,19,7,لندکروز دو در,
تویوتا,toyota,لندکروز وانت تک کابین,13,5,لندکروز وانت تک کابین,
تویوتا,toyota,لندکروز وانت دو کابین,2,1,لندکروز وانت دو کابین,
تویوتا,toyota,لندکروز چهار در,662,141,لندکروز چهار در,
تویوتا,toyota,لندکروزر هیبرید,15,9,لندکروزر هیبرید,
تویوتا,toyota,لوین,101,26,لوین,
تویوتا,toyota,لوین هیبرید,309,51,لوین هیبرید,
تویوتا,toyota,هایس,13,4,هایس,
تویوتا,toyota,هایلندر,2,0,هایلندر,
تویوتا,toyota,هایلندر هیبرید,78,10,هایلندر هیبرید,
تویوتا,toyota,هایلوکس تک کابین,11,7,هایلوکس تک کابین,
تویوتا,toyota,هایلوکس دو کابین,179,53,هایلوکس دو کابین,
تویوتا,toyota,وایلدلندر,247,52,وایلدلندر,
تویوتا,toyota,ونزا,119,21,ونزا,
تویوتا,toyota,پرادو  چهار در,583,122,پرادو  چهار در,
تویوتا,toyota,پرادو دو در,296,59,پرادو دو در,
تویوتا,toyota,پریوس,100,17,پریوس,
تویوتا,toyota,پریویا,2,0,پریویا,
تویوتا,toyota,کراون,4,1,کراون,
تویوتا,toyota,کرولا,343,79,کرولا,
تویوتا,toyota,کرولا هیبرید,653,177,کرولا هیبرید,
تویوتا,toyota,کرولا کراس,18,3,کرولا کراس,
تویوتا,toyota,کرولا کراس هیبرید,1257,285,کرولا کراس هیبرید,
تویوتا,toyota,کرونا,10,4,کرونا,
تویوتا,toyota,کریسیدا,10,5,کریسیدا,
تویوتا,toyota,کمری,409,105,کمری,
تویوتا,toyota,کمری هیبرید,788,137,کمری هیبرید,
تویوتا,toyota,یاریس صندوق دار,87,21,یاریس صندوق دار,
تویوتا,toyota,یاریس هاچ بک,34,7,یاریس هاچ بک,
تیبا,tiba,صندوق دار,393,64,صندوق دار,
تیبا,tiba,هاچ بک,409,46,هاچ بک,
تیگارد,tigardmotor,L7 پلاس,3,0,L7 پلاس,
تیگارد,tigardmotor,X35,96,12,X35,
تیگارد,tigardmotor,X35 پلاس,61,11,X35 پلاس,
تیگارد,tigardmotor,تیسان S05,330,57,تیسان S05,
تیگارد,tigardmotor,تیسان T2,29,27,تیسان T2,
جتا,jetta,VS5,34,5,VS5,
جتا,jetta,VS7,90,18,VS7,
جنسیس,genesis,G80,4,1,G80,
جنسیس,genesis,GV70,3,1,GV70,
جِی ام سی (JMC),jmc,S350,3,0,S350,
جک,jac,S3,285,62,S3,
جک,jac,S5,823,216,S5,
جک,jac,جی 3 سدان,9,6,جی 3 سدان,
جک,jac,جی 3 هاچ بک,25,11,جی 3 هاچ بک,
جک,jac,جی 4,525,97,جی 4,
جک,jac,جی 5,377,125,جی 5,
جک,jac,ریفاین,2,2,ریفاین,
جگوار,jaguar,E PACE,1,0,E PACE,
جگوار,jaguar,F TYPE,2,1,F TYPE,
جگوار,jaguar,XE,1,0,XE,
جی ای سی,gacgonow,ES9,138,24,ES9,
جی ای سی,gacgonow,GS3 Emzoom,43,16,GS3 Emzoom,
جی ای سی,gacgonow,GS8,3,2,GS8,
جی ای سی,gacgonow,M8,2,2,M8,
جی ای سی,gacgonow,امپو,47,9,امپو,
جی ای سی,gacgonow,امپو هیبرید,26,4,امپو هیبرید,
جی ای سی,gacgonow,امکو,46,12,امکو,
جی ای سی,gacgonow,امکو هیبرید,46,11,امکو هیبرید,
جی ای سی,gacgonow,ترامپچی GA3S,1,1,ترامپچی GA3S,
جی ای سی,gacgonow,ترامپچی GS5,1,0,ترامپچی GS5,
جی ای سی,gacgonow,گونو G5,4,3,گونو G5,
جیلی,geely,GC6,84,32,GC6,
جیلی,geely,آزکارا هیبرید,22,2,آزکارا هیبرید,
جیلی,geely,امگرند 7,135,56,امگرند 7,
جیلی,geely,امگرند RV-7,21,8,امگرند RV-7,
جیلی,geely,امگرند X7,42,22,امگرند X7,
جیپ,jeep,آهو,4,2,آهو,
جیپ,jeep,توسن,1,1,توسن,
جیپ,jeep,رنگلر,1,0,رنگلر,
جیپ,jeep,شهباز,3,2,شهباز,
جیپ,jeep,صحرا,13,10,صحرا,
جیپ,jeep,چروکی,1,0,چروکی,
دامای,domy,X7,2,0,X7,
دانگ فنگ,dongfeng,E70,10,2,E70,
دانگ فنگ,dongfeng,H30 کراس,617,182,H30 کراس,
دانگ فنگ,dongfeng,S30,2,1,S30,
دانگ فنگ,dongfeng,شاین مکس,38,12,شاین مکس,
دانگ فنگ,dongfeng,شاین مکس هیبرید,4,0,شاین مکس هیبرید,
دانگ فنگ,dongfeng,نامشخص,1,1,نامشخص,
دانگ فنگ,dongfeng,ون کاسپین,1,0,ون کاسپین,
داچیا,dacia,داستر هیبرید,5,1,داستر هیبرید,
داچیا,dacia,ساندرو استپ وی,2,0,ساندرو استپ وی,
دایون,dayun,Y5,4,2,Y5,
دایون,dayun,Y5 پلاس,7,1,Y5 پلاس,
دایون,dayun,Y7,48,18,Y7,
دنا,dena,معمولی,577,183,معمولی,
دنا,dena,پلاس EF7,3249,1121,پلاس EF7,
دنا,dena,پلاس EF7P,808,292,پلاس EF7P,
دوج,dodge,چارجر,1,0,چارجر,
دوو,daewoo,اسپرو,4,1,اسپرو,
دوو,daewoo,ریسر,6,1,ریسر,
دوو,daewoo,سیلو,82,29,سیلو,
دوو,daewoo,ماتیز,39,9,ماتیز,
دی اس,ds,3,10,3,3,
دی اس,ds,4 کراس بک,1,0,4 کراس بک,
دی اس,ds,5,5,1,5,
دی اس,ds,5LS,5,1,5LS,
دی اس,ds,6,12,3,6,
دی اس,ds,7 کراس بک,5,3,7 کراس بک,
دیگنیتی,dignity,پرایم,275,70,پرایم,
دیگنیتی,dignity,پرستیژ,166,32,پرستیژ,
رانا,runna,EL,32,6,EL,
رانا,runna,LX,185,27,LX,
رانا,runna,پلاس,474,72,پلاس,
رانا,runna,پلاس پانوراما,70,8,پلاس پانوراما,
راین,rayen,V5,19,8,V5,
رنو,renault,21,1,1,21,
رنو,renault,5,5,1,5,
رنو,renault,5 (مونتاژ),2,0,5 (مونتاژ),
رنو,renault,آرکانا XM3,34,3,آرکانا XM3,
رنو,renault,اسکالا,25,9,اسکالا,
رنو,renault,اسکالا کروک,2,2,اسکالا کروک,
رنو,renault,تالیسمان,303,58,تالیسمان,
رنو,renault,تندر 90,2002,703,تندر 90,
رنو,renault,تندر 90 استیشن,6,2,تندر 90 استیشن,
رنو,renault,تندر وانت,23,10,تندر وانت,
رنو,renault,داستر,125,25,داستر,
رنو,renault,ساندرو,498,103,ساندرو,
رنو,renault,ساندرو استپ وی,272,55,ساندرو استپ وی,
رنو,renault,سفران,20,4,سفران,
رنو,renault,سپند,3,3,سپند,
رنو,renault,سیمبل,36,5,سیمبل,
رنو,renault,فلوئنس,71,21,فلوئنس,
رنو,renault,لاگونا هاچ بک,1,0,لاگونا هاچ بک,
رنو,renault,لاگونا کوپه,5,2,لاگونا کوپه,
رنو,renault,لتیتود,17,8,لتیتود,
رنو,renault,مگان (مونتاژ),507,169,مگان (مونتاژ),
رنو,renault,مگان (وارداتی),75,29,مگان (وارداتی),
رنو,renault,مگان هاچ بک,1,0,مگان هاچ بک,
رنو,renault,مگان کروک,1,1,مگان کروک,
رنو,renault,پارس تندر,216,98,پارس تندر,
رنو,renault,پی کی,110,63,پی کی,
رنو,renault,کلیو,1,0,کلیو,
رنو,renault,کولیوس,256,41,کولیوس,
رنو,renault,کپچر,140,39,کپچر,
رنو,renault,گرند کولیوس,9,5,گرند کولیوس,
روئوه,roewe,eRX5,25,10,eRX5,
ری را,reera,1.7 لیتر توربو,253,69,1.7 لیتر توربو,
ریسپکت,respect,پرایم,382,87,پرایم,
ریگان,rigan,کوپا,23,5,کوپا,
زامیاد,zamyad,اکستند EX,103,17,اکستند EX,
زامیاد,zamyad,درکا,1,0,درکا,
زامیاد,zamyad,ریچ,25,12,ریچ,
زامیاد,zamyad,زاگرس,3,1,زاگرس,
زامیاد,zamyad,شوکا,3,0,شوکا,
زامیاد,zamyad,وانت نیسان,556,105,وانت نیسان,
زامیاد,zamyad,ون کاروان سایپا,25,8,ون کاروان سایپا,
زامیاد,zamyad,پادرا,4,0,پادرا,
زامیاد,zamyad,پادرا پلاس,70,16,پادرا پلاس,
زامیاد,zamyad,کارون,21,5,کارون,
زد ایکس اتو,zxauto,G9,43,12,G9,
زوتی,zotye,DL5,16,7,DL5,
زوتی,zotye,Z300,22,13,Z300,
زوتی,zotye,آریو,152,52,آریو,
سئات,seat,آتکا (مونتاژ),1,0,آتکا (مونتاژ),
سئات,seat,لئون,2,0,لئون,
سانگ یانگ (KGM),ssangyong,اکتیون,28,10,اکتیون,
سانگ یانگ (KGM),ssangyong,تورس,14,0,تورس,
سانگ یانگ (KGM),ssangyong,تیوولی,241,43,تیوولی,
سانگ یانگ (KGM),ssangyong,تیوولی (مونتاژ),65,20,تیوولی (مونتاژ),
سانگ یانگ (KGM),ssangyong,رودیوس,1,1,رودیوس,
سانگ یانگ (KGM),ssangyong,رکستون,17,6,رکستون,
سانگ یانگ (KGM),ssangyong,رکستون (مونتاژ),11,3,رکستون (مونتاژ),
سانگ یانگ (KGM),ssangyong,موسو,56,24,موسو,
سانگ یانگ (KGM),ssangyong,موسو گرند خان,54,19,موسو گرند خان,
سانگ یانگ (KGM),ssangyong,نیو اکتیون,33,8,نیو اکتیون,
سانگ یانگ (KGM),ssangyong,چیرمن,8,2,چیرمن,
سانگ یانگ (KGM),ssangyong,کایرون,7,1,کایرون,
سانگ یانگ (KGM),ssangyong,کوراندو,47,11,کوراندو,
سانگ یانگ (KGM),ssangyong,کوراندو (مونتاژ),12,5,کوراندو (مونتاژ),
ساینا,saina,EX دنده ای,204,24,EX دنده ای,
ساینا,saina,G دنده ای,1,0,G دنده ای,
ساینا,saina,GXL دنده ای,41,4,GXL دنده ای,
ساینا,saina,S,670,105,S,
ساینا,saina,SX دنده ای,3,1,SX دنده ای,
ساینا,saina,اتوماتیک,16,1,اتوماتیک,
ساینا,saina,پلاس دنده ای,3,0,پلاس دنده ای,
سمند,samand,EL,13,3,EL,
سمند,samand,LX,1019,200,LX,
سمند,samand,SE,45,11,SE,
سمند,samand,X7,140,40,X7,
سمند,samand,سریر,8,1,سریر,
سمند,samand,سورن,1276,238,سورن,
سهند,sahand,G دنده ای,3,1,G دنده ای,
سهند,sahand,S دنده ای,141,21,S دنده ای,
سهند,sahand,پلاس اتوماتیک E,21,3,پلاس اتوماتیک E,
سوئیست,soueast,ون دلیکا,18,6,ون دلیکا,
سوبارو,subaru,BRZ,1,0,BRZ,
سوبارو,subaru,XV,1,0,XV,
سوبارو,subaru,لگاسی,1,0,لگاسی,
سوزوکی,suzuki,بالنو,77,10,بالنو,
سوزوکی,suzuki,جیمنی 3 در,61,10,جیمنی 3 در,
سوزوکی,suzuki,جیمنی 5 در,65,7,جیمنی 5 در,
سوزوکی,suzuki,سوییفت,29,4,سوییفت,
سوزوکی,suzuki,سیاز,40,9,سیاز,
سوزوکی,suzuki,فرانکس هیبرید,56,13,فرانکس هیبرید,
سوزوکی,suzuki,ویتارا,1,1,ویتارا,
سوزوکی,suzuki,کیزاشی,5,1,کیزاشی,
سوزوکی,suzuki,گراند ویتارا (مونتاژ),341,82,گراند ویتارا (مونتاژ),
سوزوکی,suzuki,گراند ویتارا (وارداتی),72,27,گراند ویتارا (وارداتی),
سوزوکی,suzuki,گراند ویتارا هیبرید,63,11,گراند ویتارا هیبرید,
سوزوکی,suzuki,گوناگون,1,0,گوناگون,
سیتروئن,citroen,C3 (مونتاژ),107,20,C3 (مونتاژ),
سیتروئن,citroen,C3 XR,93,17,C3 XR,
سیتروئن,citroen,C5,30,18,C5,
سیتروئن,citroen,CX,1,0,CX,
سیتروئن,citroen,زانتیا,712,399,زانتیا,
سیتروئن,citroen,ژیان,1,0,ژیان,
سیناد,sinad,I,2,1,I,
سیناد,sinad,II,2,2,II,
شاهین,shahin,G دنده ای,980,342,G دنده ای,
شاهین,shahin,GL دنده ای,343,125,GL دنده ای,
شاهین,shahin,S دنده ای,1,0,S دنده ای,
شاهین,shahin,اتوماتیک CVT,521,134,اتوماتیک CVT,
شاهین,shahin,پلاس اتوماتیک AT,290,115,پلاس اتوماتیک AT,
شوال,cheval,6HEV,115,35,6HEV,
شورولت,chevrolet,اسپارک,1,0,اسپارک,
شورولت,chevrolet,نوا,4,0,نوا,
شورولت,chevrolet,نوا(مونتاژ),1,0,نوا (مونتاژ),"same car, different label"
شورولت,chevrolet,وانت,1,0,وانت,
شورولت,chevrolet,کامارو,1,0,کامارو,
شورولت,chevrolet,کاپتیوا,1,0,کاپتیوا,
فانگ چنگ بائو,fangchengbao,لئوپارد 5,6,2,لئوپارد 5,
فانگ چنگ بائو,fangchengbao,لئوپارد 7,5,2,لئوپارد 7,
فاو,faw,ون سیبا,15,8,ون سیبا,
فردا,farda,511,184,40,511,
فردا,farda,SX5,174,50,SX5,
فردا,farda,T5,133,41,T5,
فردا,farda,T5 پلاس,26,8,T5 پلاس,
فردا,farda,سوبا M4,38,10,سوبا M4,
فوتون,foton,تونلند,29,7,تونلند,
فوتون,foton,تونلند G7,140,26,تونلند G7,
فوتون,foton,ساوانا,2,2,ساوانا,
فوتون,foton,ون وانا,12,8,ون وانا,
فورد,ford,اج,1,1,اج,
فولکس,volkswagen,ID.4 Crozz,716,116,ID.4 Crozz,
فولکس,volkswagen,LT,2,1,LT,
فولکس,volkswagen,آی دی یونیکس,767,108,آی دی یونیکس,
فولکس,volkswagen,بیتل,14,3,بیتل,
فولکس,volkswagen,بیتل کروک,10,3,بیتل کروک,
فولکس,volkswagen,تایرون L,160,16,تایرون L,
فولکس,volkswagen,ترامونت,1,1,ترامونت,
فولکس,volkswagen,ترنسفورمر,2,0,ترنسفورمر,
فولکس,volkswagen,ترنسپورتر,5,1,ترنسپورتر,
فولکس,volkswagen,تی راک,302,44,تی راک,
فولکس,volkswagen,تیگوان,224,37,تیگوان,
فولکس,volkswagen,تیگوان L,140,24,تیگوان L,
فولکس,volkswagen,جتا,2,0,جتا,
فولکس,volkswagen,شیراکو,1,0,شیراکو,
فولکس,volkswagen,مولتی ون,4,3,مولتی ون,
فولکس,volkswagen,وانت,1,0,وانت,
فولکس,volkswagen,پاسات,51,11,پاسات,
فولکس,volkswagen,گل,150,57,گل,
فولکس,volkswagen,گلف,24,6,گلف,
فونیکس,fownix,F9,26,2,F9,
فونیکس,fownix,FX,764,112,FX,
فونیکس,fownix,FX EV,155,35,FX EV,
فونیکس,fownix,آریزو 6 جی تی (Z6 GT),393,68,آریزو 6 جی تی (Z6 GT),
فونیکس,fownix,آریزو 6 پرو,391,107,آریزو 6 پرو,
فونیکس,fownix,آریزو 8 (Z8),294,57,آریزو 8 (Z8),
فونیکس,fownix,آریزو 8 هیبرید (Z8 PHEV),14,3,آریزو 8 هیبرید (Z8 PHEV),
فونیکس,fownix,تیگو 7 پرو,642,122,تیگو 7 پرو,
فونیکس,fownix,تیگو 7 پرو مکس (F7 PRO MAX),51,0,تیگو 7 پرو مکس,"same car, different label"
فونیکس,fownix,تیگو 7 پرو مکس (F7),208,47,تیگو 7 پرو مکس,"same car, different label"
فونیکس,fownix,تیگو 7 پرو هیبرید (F7 PRO PHEV),29,0,تیگو 7 پرو هیبرید,"same car, different label"
فونیکس,fownix,تیگو 7 پرو هیبرید (F7),126,27,تیگو 7 پرو هیبرید,"same car, different label"
فونیکس,fownix,تیگو 8,2,0,تیگو 8,
فونیکس,fownix,تیگو 8 پرو,160,32,تیگو 8 پرو,
فونیکس,fownix,تیگو 8 پرو مکس (F8 PRO MAX),145,0,تیگو 8 پرو مکس,"same car, different label"
فونیکس,fownix,تیگو 8 پرو مکس (F8),415,97,تیگو 8 پرو مکس,"same car, different label"
فونیکس,fownix,تیگو 8 پرو هیبرید (F8 PRO PHEV),28,0,تیگو 8 پرو هیبرید,"same car, different label"
فونیکس,fownix,تیگو 8 پرو هیبرید (F8),82,24,تیگو 8 پرو هیبرید,"same car, different label"
فیات,fiat,500,51,7,500,
فیات,fiat,500C,3,2,500C,
فیات,fiat,دوکاتو,1,0,دوکاتو,
فیات,fiat,سی ینا,14,5,سی ینا,
فیات,fiat,گوناگون,1,0,گوناگون,
فیدلیتی,fidelity,الیت,339,74,الیت,
فیدلیتی,fidelity,پرایم,387,72,پرایم,
فیدلیتی,fidelity,پرستیژ,218,46,پرستیژ,
لادا,lada,نیوا,1,1,نیوا,
لاماری,lamari,اکو,267,113,اکو,
لاماری,lamari,ایما,599,109,ایما,
لاماری,lamari,ایما HEV,61,13,ایما HEV,
لاماری,lamari,نئو,137,40,نئو,
لاماکو,lamaco,فلو,11,4,فلو,
لامبورگینی,lamborghini,هوراکان اسپایدر,1,0,هوراکان اسپایدر,
لندرور,landrover,دیسکاوری اسپرت,11,2,دیسکاوری اسپرت,
لندرور,landrover,دیفندر,13,0,دیفندر,
لندرور,landrover,دیفندر 5 در,3,2,دیفندر 5 در,
لندرور,landrover,رنجرور,4,2,رنجرور,
لندرور,landrover,رنجرور اسپرت,6,0,رنجرور اسپرت,
لندرور,landrover,رنجرور ایووک,21,6,رنجرور ایووک,
لندرور,landrover,رنجرور ایووک L,58,20,رنجرور ایووک L,
لندرور,landrover,رنجرور ولار,20,8,رنجرور ولار,
لندرور,landrover,لندرور سری (مونتاژ),2,1,لندرور سری (مونتاژ),
لندرور,landrover,وانت,4,1,وانت,
لندرور,landrover,گوناگون,1,0,گوناگون,
لندمارک,landmark,V7,19,6,V7,
لوبو,lobo,گوناگون,9,3,گوناگون,
لوتوس,lotus,الیزه,1,0,الیزه,
لونا,luna,GRE,33,7,GRE,
لوکانو,lucano,L7,659,115,L7,
لوکانو,lucano,L8,299,47,L8,
لوکسژن,luxgen,U6,1,1,U6,
لکسوس,lexus,CT,12,1,CT,
لکسوس,lexus,ES,128,27,ES,
لکسوس,lexus,ES هیبرید,5,4,ES هیبرید,
لکسوس,lexus,GS,32,7,GS,
لکسوس,lexus,GX,4,2,GX,
لکسوس,lexus,IS,61,15,IS,
لکسوس,lexus,IS کروک,7,3,IS کروک,
لکسوس,lexus,LS,15,5,LS,
لکسوس,lexus,LX,240,54,LX,
لکسوس,lexus,NX,214,52,NX,
لکسوس,lexus,NX هیبرید,194,42,NX هیبرید,
لکسوس,lexus,RC,1,1,RC,
لکسوس,lexus,RX,255,61,RX,
لکسوس,lexus,RX هیبرید,17,4,RX هیبرید,
لیفان,lifan,520,64,36,520,
لیفان,lifan,520i,12,4,520i,
لیفان,lifan,620,224,120,620,
لیفان,lifan,820,76,26,820,
لیفان,lifan,X50,198,99,X50,
لیفان,lifan,X60,282,149,X60,
لیفان,lifan,X70,11,2,X70,
لیپ موتور,leapmotor,C01 EV,2,0,C01 EV,
لیپ موتور,leapmotor,C11 EV,5,0,C11 EV,
لیپ موتور,leapmotor,T03,9,0,T03,
مارس,mars,C300,4,2,C300,
مازراتی,maserati,لوانته,4,1,لوانته,
مازراتی,maserati,کواتروپورته,19,1,کواتروپورته,
مازراتی,maserati,گرن توریسمو,1,0,گرن توریسمو,
مازراتی,maserati,گرن کبریو,12,5,گرن کبریو,
مازراتی,maserati,گیبلی,10,2,گیبلی,
مزدا,mazda,2 صندوقدار,1,1,2 صندوقدار,
مزدا,mazda,2 هاچ بک,22,2,2 هاچ بک,
مزدا,mazda,3 قدیم,306,110,3 قدیم,
مزدا,mazda,3 نیو صندوق دار,659,133,3 نیو صندوق دار,
مزدا,mazda,3 نیو هاچ بک,40,12,3 نیو هاچ بک,
مزدا,mazda,3 وارداتی,294,49,3 وارداتی,
مزدا,mazda,323,216,78,323,
مزدا,mazda,6,1,0,6,
مزدا,mazda,CX-30,32,4,CX-30,
مزدا,mazda,CX-50,16,1,CX-50,
مزدا,mazda,CX5,1,0,CX5,
مزدا,mazda,EZ6,169,25,EZ6,
مزدا,mazda,EZ60 EREV,139,28,EZ60 EREV,
مزدا,mazda,وانت (وارداتی),10,4,وانت (وارداتی),
مزدا,mazda,وانت تک‌کابين,222,123,وانت تک‌کابين,
مزدا,mazda,وانت دوکابين,160,79,وانت دوکابين,
مکث موتور,maxmotor,تیارا,22,5,تیارا,
مکث موتور,maxmotor,تیارا پرایم,1,1,تیارا پرایم,
مکث موتور,maxmotor,کلوت,145,35,کلوت,
مکسوس,maxus,استار H,16,4,استار H,
میتسوبیشی,mitsubishi,ASX,86,20,ASX,
میتسوبیشی,mitsubishi,اتریج,1,1,اتریج,
میتسوبیشی,mitsubishi,اوتلندر,361,63,اوتلندر,
میتسوبیشی,mitsubishi,اوتلندر PHEV,11,2,اوتلندر PHEV,
میتسوبیشی,mitsubishi,اکلیپس کراس,228,42,اکلیپس کراس,
میتسوبیشی,mitsubishi,ایکس پندر,6,4,ایکس پندر,
میتسوبیشی,mitsubishi,لنسر,87,19,لنسر,
میتسوبیشی,mitsubishi,مونترو اسپرت,2,0,مونترو اسپرت,
میتسوبیشی,mitsubishi,میراژ,25,9,میراژ,
میتسوبیشی,mitsubishi,وانت,8,6,وانت,
میتسوبیشی,mitsubishi,ون,1,0,ون,
میتسوبیشی,mitsubishi,پاجرو دو در,20,7,پاجرو دو در,
میتسوبیشی,mitsubishi,پاجرو چهار در,41,14,پاجرو چهار در,
میتسوبیشی,mitsubishi,پاجرو(مونتاژ),7,3,پاجرو(مونتاژ),
میتسوبیشی,mitsubishi,گالانت,30,13,گالانت,
مینی,mini,کانتری من,6,1,کانتری من,
مینی,mini,کلاسیک,1,1,کلاسیک,
مینی,mini,کوپر,57,6,کوپر,
نامی,nammi,E2 پلاس,11,0,E2 پلاس,
نوو,nevo,A05,34,5,A05,
نیسان,nissan,N6,36,17,N6,
نیسان,nissan,NX8,7,3,NX8,
نیسان,nissan,آرمادا,12,4,آرمادا,
نیسان,nissan,آلتیما,172,33,آلتیما,
نیسان,nissan,ایکس تریل,122,25,ایکس تریل,
نیسان,nissan,ایکس تریل e-POWER,11,2,ایکس تریل e-POWER,
نیسان,nissan,ترا,365,48,ترا,
نیسان,nissan,تی ینا,8,0,تیانا,"same car, different label"
نیسان,nissan,تیانا,31,13,تیانا,
نیسان,nissan,تی ینا (مونتاژ),17,0,تیانا (مونتاژ),"same car, different label"
نیسان,nissan,تیانا (مونتاژ),36,20,تیانا (مونتاژ),
نیسان,nissan,جوک,235,46,جوک,
نیسان,nissan,رونیز,134,45,رونیز,
نیسان,nissan,سانی,10,1,سانی,
نیسان,nissan,سرانزا,10,3,سرانزا,
نیسان,nissan,سنترا,5,4,سنترا,
نیسان,nissan,سیلفی,55,7,سیلفی,
نیسان,nissan,سیلفی e-POWER,412,67,سیلفی e-POWER,
نیسان,nissan,سیلفی e-POWER مونتاژ,19,1,سیلفی e-POWER مونتاژ,
نیسان,nissan,قشقایی,268,43,قشقایی,
نیسان,nissan,قشقایی(مونتاژ),3,2,قشقایی (مونتاژ),"same car, different label"
نیسان,nissan,ماکسیما,473,156,ماکسیما,
نیسان,nissan,ماکسیما (وارداتی),5,2,ماکسیما (وارداتی),
نیسان,nissan,مورانو,45,14,مورانو,
نیسان,nissan,مورانو(مونتاژ),2,0,مورانو (مونتاژ),"same car, different label"
نیسان,nissan,مگنایت,17,15,مگنایت,
نیسان,nissan,ناوارا,22,4,ناوارا,
نیسان,nissan,پاترول (وارداتی),109,31,پاترول (وارداتی),
نیسان,nissan,پاترول دو در,164,83,پاترول دو در,
نیسان,nissan,پاترول وانت,5,2,پاترول وانت,
نیسان,nissan,پاترول چهار در,115,69,پاترول چهار در,
نیسان,nissan,پت فایندر,6,3,پت فایندر,
نیسان,nissan,پیکاپ تک کابین,12,1,پیکاپ تک کابین,
نیسان,nissan,پیکاپ دو کابین,102,50,پیکاپ دو کابین,
نیسان,nissan,کیکس,17,5,کیکس,
هامر,hummer,H2,3,1,H2,
هاوال,haval,H2 مونتاژی,27,4,H2 مونتاژی,
هاوال,haval,H2 وارداتی,5,0,H2 وارداتی,
هاوال,haval,H6 HEV,65,19,H6 HEV,
هاوال,haval,H8,3,2,H8,
هاوال,haval,H9,96,16,H9,
هایما,haima,7X,95,23,7X,
هایما,haima,8S,225,62,8S,
هایما,haima,S5,250,67,S5,
هایما,haima,S5 پرو,50,15,S5 پرو,
هایما,haima,S7,565,144,S7,
هن تنگ,hanteng,X5 (مونتاژ),1,1,X5 (مونتاژ),
هن تنگ,hanteng,X7 (مونتاژ),2,0,X7 (مونتاژ),
هوندا,honda,CR-V,28,9,CR-V,
هوندا,honda,CR-V eHEV,25,5,CR-V eHEV,
هوندا,honda,HR-V,13,2,HR-V,
هوندا,honda,HR-V eHEV,175,20,HR-V eHEV,
هوندا,honda,ZR-V eHEV,10,3,ZR-V eHEV,
هوندا,honda,eNS1,178,39,eNS1,
هوندا,honda,آکورد,53,11,آکورد,
هوندا,honda,آکورد e:PHEV,30,4,آکورد e:PHEV,
هوندا,honda,بریز پلاگین هیبرید,1,1,بریز پلاگین هیبرید,
هوندا,honda,سیتی,38,10,سیتی,
هوندا,honda,سیویک,47,10,سیویک,
هوندا,honda,سیویک تایپ R,13,0,سیویک تایپ R,
هوندا,honda,وزل,86,16,وزل,
هونگچی,hongqi,E-QM5,12,5,E-QM5,
هونگچی,hongqi,H5,100,22,H5,
هیوسو,hyosow,T205,1,0,T205,
هیوندای,hyundai,H 350,5,0,H 350,
هیوندای,hyundai,H1,4,1,H1,
هیوندای,hyundai,H550,1,0,H550,
هیوندای,hyundai,i10 (مونتاژ),16,7,i10 (مونتاژ),
هیوندای,hyundai,i20,149,29,i20,
هیوندای,hyundai,i20 (مونتاژ),162,29,i20 (مونتاژ),
هیوندای,hyundai,i30,67,8,i30,
هیوندای,hyundai,i40,14,3,i40,
هیوندای,hyundai,i40 استیشن,3,0,i40 استیشن,
هیوندای,hyundai,آزرا (گرنجور),389,103,آزرا (گرنجور),
هیوندای,hyundai,آوانته,113,40,آوانته,
هیوندای,hyundai,النترا,778,162,النترا,
هیوندای,hyundai,النترا (مونتاژ),3,1,النترا (مونتاژ),
هیوندای,hyundai,اکسل,17,13,اکسل,
هیوندای,hyundai,اکسنت,125,31,اکسنت,
هیوندای,hyundai,اکسنت (مونتاژ),148,15,اکسنت (مونتاژ),
هیوندای,hyundai,توسان,754,138,توسان,
هیوندای,hyundai,توسان L,62,17,توسان L,
هیوندای,hyundai,جنسیس,131,31,جنسیس,
هیوندای,hyundai,جنسیس کوپه,36,12,جنسیس کوپه,
هیوندای,hyundai,سانتافه,1126,215,سانتافه,
هیوندای,hyundai,سنتنیال,10,4,سنتنیال,
هیوندای,hyundai,سوناتا,635,149,سوناتا,
هیوندای,hyundai,سوناتا هیبرید,224,36,سوناتا هیبرید,
هیوندای,hyundai,وراکروز,205,44,وراکروز,
هیوندای,hyundai,ورنا,115,48,ورنا,
هیوندای,hyundai,ولستر,84,15,ولستر,
هیوندای,hyundai,پالیسید,40,11,پالیسید,
هیوندای,hyundai,کرتا,8,1,کرتا,
هیوندای,hyundai,کونا,71,15,کونا,
هیوندای,hyundai,کوپه,17,8,کوپه,
هیوندای,hyundai,گالوپر,1,0,گالوپر,
ولوو,volvo,240,1,0,240,
ولوو,volvo,244,3,0,244,
ولوو,volvo,460,1,1,460,
ولوو,volvo,C30,2,1,C30,
ولوو,volvo,C70 کروک,5,2,C70 کروک,
ولوو,volvo,EX30,58,20,EX30,
ولوو,volvo,S90,36,7,S90,
ولوو,volvo,V40,8,1,V40,
ولوو,volvo,XC40,1,1,XC40,
ولوو,volvo,XC60,40,11,XC60,
ولوو,volvo,XC70,78,16,XC70,
ولوو,volvo,XC90,151,33,XC90,
ونوسیا,venucia,D60 پلاس,3,0,D60 پلاس,
ونوسیا,venucia,استار,2,0,استار,
ونوسیا,venucia,وی آنلاین,6,3,وی آنلاین,
ونوسیا,venucia,وی آنلاین DDi,29,9,وی آنلاین DDi,
وویا,Voyah,فری,198,43,فری,
پادرا موتور,padramotors,تاگا H,5,0,تاگا H,
پارس نوآ,parsnoa,1.6 لیتر,33,12,1.6 لیتر,
پاژن,pazhan,دو در,31,20,دو در,
پاژن,pazhan,هرور,3,2,هرور,
پاژن,pazhan,وانت دو کابین,21,11,وانت دو کابین,
پاژن,pazhan,چهار در,23,9,چهار در,
پراید,pride,111,338,44,111,
پراید,pride,131,860,163,131,
پراید,pride,132,210,49,132,
پراید,pride,141,108,20,141,
پراید,pride,151,443,79,151,
پراید,pride,استیشن,1,0,استیشن,
پراید,pride,صندوق دار,887,201,صندوق دار,
پراید,pride,هاچ بک,77,17,هاچ بک,
پروتون,proton,ایمپین,4,1,ایمپین,
پروتون,proton,جن تو,33,10,جن تو,
پروتون,proton,ویرا,15,2,ویرا,
پورشه,porsche,911,12,1,911,
پورشه,porsche,باکستر,27,6,باکستر,
پورشه,porsche,ماکان,162,29,ماکان,
پورشه,porsche,پانامرا,61,18,پانامرا,
پورشه,porsche,کاین,136,31,کاین,
پورشه,porsche,کیمن S,4,0,کیمن S,
پژو,peugeot,2008,483,97,2008,
پژو,peugeot,206,5560,2263,206,
پژو,peugeot,206 (وارداتی),1,1,206 (وارداتی),
پژو,peugeot,206 SD,1474,692,206 SD,
پژو,peugeot,207,7151,1933,207,
پژو,peugeot,207 صندوقدار,50,13,207 صندوقدار,
پژو,peugeot,301,1,0,301,
پژو,peugeot,404,1,0,404,
پژو,peugeot,405,1353,319,405,
پژو,peugeot,405 استیشن,5,1,405 استیشن,
پژو,peugeot,407,22,6,407,
پژو,peugeot,508,24,5,508,
پژو,peugeot,605,2,0,605,
پژو,peugeot,RD,27,3,RD,
پژو,peugeot,RDI,45,9,RDI,
پژو,peugeot,روآ,117,24,روآ,
پژو,peugeot,لیموزین,2,0,لیموزین,
پژو,peugeot,پارس,2631,494,پارس,
پیکان,peykan,سدان,58,16,سدان,
پیکان,peykan,وانت,187,43,وانت,
چانگان,changan,CS 35,27,10,CS 35,
چانگان,changan,CS 35 (مونتاژ),142,40,CS 35 (مونتاژ),
چانگان,changan,CS 35 پلاس,106,22,CS 35 پلاس,
چانگان,changan,CS 55 پلاس,476,97,CS 55 پلاس,
چانگان,changan,CS35 پلاس مونتاژ (سایپا 421P),55,7,CS35 پلاس مونتاژ (سایپا 421P),
چانگان,changan,CS55 پلاس مونتاژ (سایپا 441P),36,7,CS55 پلاس مونتاژ (سایپا 441P),
چانگان,changan,UNI-T,243,59,UNI-T,
چانگان,changan,X5 پلاس,1,1,X5 پلاس,
چانگان,changan,ایدو,27,11,ایدو,
چانگان,changan,ایدو EV460,54,21,ایدو EV460,
چری,chery,A15,11,8,A15,
چری,chery,آریزو 5,135,53,آریزو 5,
چری,chery,آریزو 5T,303,88,آریزو 5T,
چری,chery,آریزو 5T اسپرت FL,297,55,آریزو 5T اسپرت FL,
چری,chery,آریزو 6,73,11,آریزو 6,
چری,chery,تیگو 5,324,111,تیگو 5,
چری,chery,تیگو 7,271,91,تیگو 7,
چری,chery,ویانا,17,12,ویانا,
کادیلاک,cadillac,SRX,1,0,SRX,
کادیلاک,cadillac,سویل,1,0,سویل,
کادیلاک,cadillac,سویل(مونتاژ),2,2,سویل (مونتاژ),"same car, different label"
کادیلاک,cadillac,فلیت وود,1,0,فلیت وود,
کارا,cara,تک کابین,179,73,تک کابین,
کارا,cara,دو کابین,94,49,دو کابین,
کاپرا,capra,2,26,10,2,
کاپرا,capra,B تک کابین,6,1,B تک کابین,
کاپرا,capra,U دوکابین,9,1,U دوکابین,
کاپرا,capra,تک کابین,6,3,تک کابین,
کاپرا,capra,دو کابین,86,36,دو کابین,
کوییک,quick,GX,620,265,GX,
کوییک,quick,GXR,614,261,GXR,
کوییک,quick,R پلاس,60,20,R پلاس,
کوییک,quick,SR,269,105,SR,
کوییک,quick,اتوماتیک,7,1,اتوماتیک,
کوییک,quick,اتوماتیک پلاس,210,54,اتوماتیک پلاس,
کوییک,quick,دنده ای,589,205,دنده ای,
کوییک,quick,دنده ای R,808,336,دنده ای R,
کوییک,quick,دنده ای S,747,342,دنده ای S,
کی ام سی,kmc,A5,132,35,A5,
کی ام سی,kmc,J7,892,197,J7,
کی ام سی,kmc,K7,171,45,K7,
کی ام سی,kmc,SR3,188,25,SR3,
کی ام سی,kmc,SR6,92,11,SR6,
کی ام سی,kmc,T8,488,119,T8,
کی ام سی,kmc,T9,484,96,T9,
کی ام سی,kmc,X5,581,119,X5,
کی ام سی,kmc,eJ7,81,16,eJ7,
کی ام سی,kmc,ایگل,545,105,ایگل,
کی وای سی,kyc,T3 پلاس,9,1,T3 پلاس,
کیا,kia,EV5,10,3,EV5,
کیا,kia,K3,37,13,K3,
کیا,kia,K4,2,1,K4,
کیا,kia,K5,190,36,K5,
کیا,kia,استونیک,9,0,استونیک,
کیا,kia,اسپورتیج,817,146,اسپورتیج,
کیا,kia,اسپورتیج هیبرید,3,0,اسپورتیج هیبرید,
کیا,kia,اپتیما,554,106,اپتیما,
کیا,kia,اپتیما هیبرید,3,1,اپتیما هیبرید,
کیا,kia,اپیروس,26,7,اپیروس,
کیا,kia,بستا,1,1,بستا,
کیا,kia,ریو (مونتاژ),577,252,ریو (مونتاژ),
کیا,kia,ریو سدان,24,9,ریو سدان,
کیا,kia,ریو هاچ بک,22,6,ریو هاچ بک,
کیا,kia,سراتو,521,109,سراتو,
کیا,kia,سراتو (مونتاژ),702,122,سراتو (مونتاژ),
کیا,kia,سراتو کوپ,42,14,سراتو کوپ,
کیا,kia,سلتوس,44,9,سلتوس,
کیا,kia,سورنتو,346,81,سورنتو,
کیا,kia,سول,2,0,سول,
کیا,kia,سونت,8,2,سونت,
کیا,kia,موهاوی,73,23,موهاوی,
کیا,kia,پیکانتو,77,8,پیکانتو,
کیا,kia,کادنزا,42,13,کادنزا,
کیا,kia,کارناوال,5,2,کارناوال,
کیا,kia,کارنز,13,5,کارنز,
کینگ لانگ,kinglong,ون نارون,4,0,ون نارون,
گاز,gaz,ون غزال ایران خودرو,8,4,ون غزال ایران خودرو,
گریت وال,greatwall,C30,64,24,C30,
گریت وال,greatwall,هاوال H6,4,1,هاوال H6,
گریت وال,greatwall,هاوال H6 (مونتاژ),3,3,هاوال H6 (مونتاژ),
گریت وال,greatwall,هاوال M4,9,3,هاوال M4,
گریت وال,greatwall,هاوال M4 (مونتاژ),4,1,هاوال M4 (مونتاژ),
گریت وال,greatwall,وانت دییر,3,3,وانت دییر,
گریت وال,greatwall,وینگل 3,4,2,وینگل 3,
گریت وال,greatwall,وینگل 5 تک کابین,5,4,وینگل 5 تک کابین,
گریت وال,greatwall,وینگل 5 دو کابین,13,9,وینگل 5 دو کابین,
یوآز,uaz,پاتریوت,6,3,پاتریوت,
